anno,gruppo,classe_eta,titolo,valore
2021,italiani acquisiti,25-49 anni,diploma di istruzione secondaria di II grado o di qualifica professionale (corso di 3-4 anni) compresi IFTS,9556
2021,italiani acquisiti,25-49 anni,licenza di scuola elementare,736
2021,italiani acquisiti,25-49 anni,licenza di scuola media inferiore o di avviamento professionale,8326
2021,italiani acquisiti,25-49 anni,nessun titolo di studio,319
2021,italiani acquisiti,25-49 anni,titolo universitario o accademico,3387
2021,italiani acquisiti,25-49 anni,totale,22324
2021,italiani acquisiti,50-64 anni,diploma di istruzione secondaria di II grado o di qualifica professionale (corso di 3-4 anni) compresi IFTS,4852
2021,italiani acquisiti,50-64 anni,licenza di scuola elementare,1367
2021,italiani acquisiti,50-64 anni,licenza di scuola media inferiore o di avviamento professionale,4937
2021,italiani acquisiti,50-64 anni,nessun titolo di studio,481
2021,italiani acquisiti,50-64 anni,titolo universitario o accademico,1711
2021,italiani acquisiti,50-64 anni,totale,13348
2021,italiani acquisiti,65 anni e più,diploma di istruzione secondaria di II grado o di qualifica professionale (corso di 3-4 anni) compresi IFTS,969
2021,italiani acquisiti,65 anni e più,licenza di scuola elementare,585
2021,italiani acquisiti,65 anni e più,licenza di scuola media inferiore o di avviamento professionale,978
2021,italiani acquisiti,65 anni e più,nessun titolo di studio,121
2021,italiani acquisiti,65 anni e più,titolo universitario o accademico,405
2021,italiani acquisiti,65 anni e più,totale,3058
2021,italiani acquisiti,9 anni e più,diploma di istruzione secondaria di II grado o di qualifica professionale (corso di 3-4 anni) compresi IFTS,20053
2021,italiani acquisiti,9 anni e più,licenza di scuola elementare,7644
2021,italiani acquisiti,9 anni e più,licenza di scuola media inferiore o di avviamento professionale,21549
2021,italiani acquisiti,9 anni e più,nessun titolo di studio,3601
2021,italiani acquisiti,9 anni e più,titolo universitario o accademico,5831
2021,italiani acquisiti,9 anni e più,totale,58678
2021,italiani acquisiti,9-24 anni,diploma di istruzione secondaria di II grado o di qualifica professionale (corso di 3-4 anni) compresi IFTS,4676
2021,italiani acquisiti,9-24 anni,licenza di scuola elementare,4956
2021,italiani acquisiti,9-24 anni,licenza di scuola media inferiore o di avviamento professionale,7308
2021,italiani acquisiti,9-24 anni,nessun titolo di studio,2680
2021,italiani acquisiti,9-24 anni,titolo universitario o accademico,328
2021,italiani acquisiti,9-24 anni,totale,19948
2021,italiani dalla nascita,25-49 anni,diploma di istruzione secondaria di II grado o di qualifica professionale (corso di 3-4 anni) compresi IFTS,145833
2021,italiani dalla nascita,25-49 anni,licenza di scuola elementare,1846
2021,italiani dalla nascita,25-49 anni,licenza di scuola media inferiore o di avviamento professionale,70445
2021,italiani dalla nascita,25-49 anni,nessun titolo di studio,637
2021,italiani dalla nascita,25-49 anni,titolo universitario o accademico,76096
2021,italiani dalla nascita,25-49 anni,totale,294857
2021,italiani dalla nascita,50-64 anni,diploma di istruzione secondaria di II grado o di qualifica professionale (corso di 3-4 anni) compresi IFTS,95435
2021,italiani dalla nascita,50-64 anni,licenza di scuola elementare,11910
2021,italiani dalla nascita,50-64 anni,licenza di scuola media inferiore o di avviamento professionale,113722
2021,italiani dalla nascita,50-64 anni,nessun titolo di studio,937
2021,italiani dalla nascita,50-64 anni,titolo universitario o accademico,26825
2021,italiani dalla nascita,50-64 anni,totale,248829
2021,italiani dalla nascita,65 anni e più,diploma di istruzione secondaria di II grado o di qualifica professionale (corso di 3-4 anni) compresi IFTS,52836
2021,italiani dalla nascita,65 anni e più,licenza di scuola elementare,123919
2021,italiani dalla nascita,65 anni e più,licenza di scuola media inferiore o di avviamento professionale,71278
2021,italiani dalla nascita,65 anni e più,nessun titolo di studio,5357
2021,italiani dalla nascita,65 anni e più,titolo universitario o accademico,15195
2021,italiani dalla nascita,65 anni e più,totale,268585
2021,italiani dalla nascita,9 anni e più,diploma di istruzione secondaria di II grado o di qualifica professionale (corso di 3-4 anni) compresi IFTS,342083
2021,italiani dalla nascita,9 anni e più,licenza di scuola elementare,166977
2021,italiani dalla nascita,9 anni e più,licenza di scuola media inferiore o di avviamento professionale,310174
2021,italiani dalla nascita,9 anni e più,nessun titolo di studio,24341
2021,italiani dalla nascita,9 anni e più,titolo universitario o accademico,125170
2021,italiani dalla nascita,9 anni e più,totale,968745
2021,italiani dalla nascita,9-24 anni,diploma di istruzione secondaria di II grado o di qualifica professionale (corso di 3-4 anni) compresi IFTS,47979
2021,italiani dalla nascita,9-24 anni,licenza di scuola elementare,29302
2021,italiani dalla nascita,9-24 anni,licenza di scuola media inferiore o di avviamento professionale,54729
2021,italiani dalla nascita,9-24 anni,nessun titolo di studio,17410
2021,italiani dalla nascita,9-24 anni,titolo universitario o accademico,7054
2021,italiani dalla nascita,9-24 anni,totale,156474
2021,stranieri,25-49 anni,diploma di istruzione secondaria di II grado o di qualifica professionale (corso di 3-4 anni) compresi IFTS,28008
2021,stranieri,25-49 anni,licenza di scuola elementare,4380
2021,stranieri,25-49 anni,licenza di scuola media inferiore o di avviamento professionale,27821
2021,stranieri,25-49 anni,nessun titolo di studio,4201
2021,stranieri,25-49 anni,titolo universitario o accademico,10596
2021,stranieri,25-49 anni,totale,75006
2021,stranieri,50-64 anni,diploma di istruzione secondaria di II grado o di qualifica professionale (corso di 3-4 anni) compresi IFTS,8329
2021,stranieri,50-64 anni,licenza di scuola elementare,2279
2021,stranieri,50-64 anni,licenza di scuola media inferiore o di avviamento professionale,7863
2021,stranieri,50-64 anni,nessun titolo di studio,2082
2021,stranieri,50-64 anni,titolo universitario o accademico,2740
2021,stranieri,50-64 anni,totale,23293
2021,stranieri,65 anni e più,diploma di istruzione secondaria di II grado o di qualifica professionale (corso di 3-4 anni) compresi IFTS,1934
2021,stranieri,65 anni e più,licenza di scuola elementare,1110
2021,stranieri,65 anni e più,licenza di scuola media inferiore o di avviamento professionale,1922
2021,stranieri,65 anni e più,nessun titolo di studio,1049
2021,stranieri,65 anni e più,titolo universitario o accademico,841
2021,stranieri,65 anni e più,totale,6856
2021,stranieri,9 anni e più,diploma di istruzione secondaria di II grado o di qualifica professionale (corso di 3-4 anni) compresi IFTS,43787
2021,stranieri,9 anni e più,licenza di scuola elementare,14562
2021,stranieri,9 anni e più,licenza di scuola media inferiore o di avviamento professionale,47795
2021,stranieri,9 anni e più,nessun titolo di studio,12272
2021,stranieri,9 anni e più,titolo universitario o accademico,14576
2021,stranieri,9 anni e più,totale,132992
2021,stranieri,9-24 anni,diploma di istruzione secondaria di II grado o di qualifica professionale (corso di 3-4 anni) compresi IFTS,5516
2021,stranieri,9-24 anni,licenza di scuola elementare,6793
2021,stranieri,9-24 anni,licenza di scuola media inferiore o di avviamento professionale,10189
2021,stranieri,9-24 anni,nessun titolo di studio,4940
2021,stranieri,9-24 anni,titolo universitario o accademico,399
2021,stranieri,9-24 anni,totale,27837
2022,italiani acquisiti,25-49 anni,diploma di istruzione secondaria di II grado o di qualifica professionale (corso di 3-4 anni) compresi IFTS,11594
2022,italiani acquisiti,25-49 anni,licenza di scuola elementare,849
2022,italiani acquisiti,25-49 anni,licenza di scuola media inferiore o di avviamento professionale,9520
2022,italiani acquisiti,25-49 anni,nessun titolo di studio,407
2022,italiani acquisiti,25-49 anni,titolo universitario o accademico,4070
2022,italiani acquisiti,25-49 anni,totale,26440
2022,italiani acquisiti,50-64 anni,diploma di istruzione secondaria di II grado o di qualifica professionale (corso di 3-4 anni) compresi IFTS,5648
2022,italiani acquisiti,50-64 anni,licenza di scuola elementare,1530
2022,italiani acquisiti,50-64 anni,licenza di scuola media inferiore o di avviamento professionale,5661
2022,italiani acquisiti,50-64 anni,nessun titolo di studio,536
2022,italiani acquisiti,50-64 anni,titolo universitario o accademico,1920
2022,italiani acquisiti,50-64 anni,totale,15295
2022,italiani acquisiti,65 anni e più,diploma di istruzione secondaria di II grado o di qualifica professionale (corso di 3-4 anni) compresi IFTS,1210
2022,italiani acquisiti,65 anni e più,licenza di scuola elementare,665
2022,italiani acquisiti,65 anni e più,licenza di scuola media inferiore o di avviamento professionale,1123
2022,italiani acquisiti,65 anni e più,nessun titolo di studio,159
2022,italiani acquisiti,65 anni e più,titolo universitario o accademico,480
2022,italiani acquisiti,65 anni e più,totale,3637
2022,italiani acquisiti,9 anni e più,diploma di istruzione secondaria di II grado o di qualifica professionale (corso di 3-4 anni) compresi IFTS,24002
2022,italiani acquisiti,9 anni e più,licenza di scuola elementare,8514
2022,italiani acquisiti,9 anni e più,licenza di scuola media inferiore o di avviamento professionale,24938
2022,italiani acquisiti,9 anni e più,nessun titolo di studio,3913
2022,italiani acquisiti,9 anni e più,titolo universitario o accademico,6913
2022,italiani acquisiti,9 anni e più,totale,68280
2022,italiani acquisiti,9-24 anni,diploma di istruzione secondaria di II grado o di qualifica professionale (corso di 3-4 anni) compresi IFTS,5550
2022,italiani acquisiti,9-24 anni,licenza di scuola elementare,5470
2022,italiani acquisiti,9-24 anni,licenza di scuola media inferiore o di avviamento professionale,8634
2022,italiani acquisiti,9-24 anni,nessun titolo di studio,2811
2022,italiani acquisiti,9-24 anni,titolo universitario o accademico,443
2022,italiani acquisiti,9-24 anni,totale,22908
2022,italiani dalla nascita,25-49 anni,diploma di istruzione secondaria di II grado o di qualifica professionale (corso di 3-4 anni) compresi IFTS,144896
2022,italiani dalla nascita,25-49 anni,licenza di scuola elementare,1609
2022,italiani dalla nascita,25-49 anni,licenza di scuola media inferiore o di avviamento professionale,63880
2022,italiani dalla nascita,25-49 anni,nessun titolo di studio,694
2022,italiani dalla nascita,25-49 anni,titolo universitario o accademico,77669
2022,italiani dalla nascita,25-49 anni,totale,288748
2022,italiani dalla nascita,50-64 anni,diploma di istruzione secondaria di II grado o di qualifica professionale (corso di 3-4 anni) compresi IFTS,98639
2022,italiani dalla nascita,50-64 anni,licenza di scuola elementare,10574
2022,italiani dalla nascita,50-64 anni,licenza di scuola media inferiore o di avviamento professionale,112266
2022,italiani dalla nascita,50-64 anni,nessun titolo di studio,952
2022,italiani dalla nascita,50-64 anni,titolo universitario o accademico,28741
2022,italiani dalla nascita,50-64 anni,totale,251172
2022,italiani dalla nascita,65 anni e più,diploma di istruzione secondaria di II grado o di qualifica professionale (corso di 3-4 anni) compresi IFTS,56939
2022,italiani dalla nascita,65 anni e più,licenza di scuola elementare,117494
2022,italiani dalla nascita,65 anni e più,licenza di scuola media inferiore o di avviamento professionale,75478
2022,italiani dalla nascita,65 anni e più,nessun titolo di studio,5195
2022,italiani dalla nascita,65 anni e più,titolo universitario o accademico,16196
2022,italiani dalla nascita,65 anni e più,totale,271302
2022,italiani dalla nascita,9 anni e più,diploma di istruzione secondaria di II grado o di qualifica professionale (corso di 3-4 anni) compresi IFTS,349139
2022,italiani dalla nascita,9 anni e più,licenza di scuola elementare,158178
2022,italiani dalla nascita,9 anni e più,licenza di scuola media inferiore o di avviamento professionale,305477
2022,italiani dalla nascita,9 anni e più,nessun titolo di studio,23760
2022,italiani dalla nascita,9 anni e più,titolo universitario o accademico,129908
2022,italiani dalla nascita,9 anni e più,totale,966462
2022,italiani dalla nascita,9-24 anni,diploma di istruzione secondaria di II grado o di qualifica professionale (corso di 3-4 anni) compresi IFTS,48665
2022,italiani dalla nascita,9-24 anni,licenza di scuola elementare,28501
2022,italiani dalla nascita,9-24 anni,licenza di scuola media inferiore o di avviamento professionale,53853
2022,italiani dalla nascita,9-24 anni,nessun titolo di studio,16919
2022,italiani dalla nascita,9-24 anni,titolo universitario o accademico,7302
2022,italiani dalla nascita,9-24 anni,totale,155240
2022,stranieri,25-49 anni,diploma di istruzione secondaria di II grado o di qualifica professionale (corso di 3-4 anni) compresi IFTS,27844
2022,stranieri,25-49 anni,licenza di scuola elementare,4109
2022,stranieri,25-49 anni,licenza di scuola media inferiore o di avviamento professionale,26009
2022,stranieri,25-49 anni,nessun titolo di studio,4062
2022,stranieri,25-49 anni,titolo universitario o accademico,11328
2022,stranieri,25-49 anni,totale,73352
2022,stranieri,50-64 anni,diploma di istruzione secondaria di II grado o di qualifica professionale (corso di 3-4 anni) compresi IFTS,9622
2022,stranieri,50-64 anni,licenza di scuola elementare,2048
2022,stranieri,50-64 anni,licenza di scuola media inferiore o di avviamento professionale,7271
2022,stranieri,50-64 anni,nessun titolo di studio,1937
2022,stranieri,50-64 anni,titolo universitario o accademico,3076
2022,stranieri,50-64 anni,totale,23954
2022,stranieri,65 anni e più,diploma di istruzione secondaria di II grado o di qualifica professionale (corso di 3-4 anni) compresi IFTS,2291
2022,stranieri,65 anni e più,licenza di scuola elementare,1201
2022,stranieri,65 anni e più,licenza di scuola media inferiore o di avviamento professionale,1959
2022,stranieri,65 anni e più,nessun titolo di studio,1336
2022,stranieri,65 anni e più,titolo universitario o accademico,1042
2022,stranieri,65 anni e più,totale,7829
2022,stranieri,9 anni e più,diploma di istruzione secondaria di II grado o di qualifica professionale (corso di 3-4 anni) compresi IFTS,44868
2022,stranieri,9 anni e più,licenza di scuola elementare,13930
2022,stranieri,9 anni e più,licenza di scuola media inferiore o di avviamento professionale,45365
2022,stranieri,9 anni e più,nessun titolo di studio,11947
2022,stranieri,9 anni e più,titolo universitario o accademico,15848
2022,stranieri,9 anni e più,totale,131958
2022,stranieri,9-24 anni,diploma di istruzione secondaria di II grado o di qualifica professionale (corso di 3-4 anni) compresi IFTS,5111
2022,stranieri,9-24 anni,licenza di scuola elementare,6572
2022,stranieri,9-24 anni,licenza di scuola media inferiore o di avviamento professionale,10126
2022,stranieri,9-24 anni,nessun titolo di studio,4612
2022,stranieri,9-24 anni,titolo universitario o accademico,402
2022,stranieri,9-24 anni,totale,26823
2023,italiani acquisiti,25-49 anni,diploma di istruzione secondaria di II grado o di qualifica professionale (corso di 3-4 anni) compresi IFTS,11792
2023,italiani acquisiti,25-49 anni,licenza di scuola elementare,1205
2023,italiani acquisiti,25-49 anni,licenza di scuola media inferiore o di avviamento professionale,9500
2023,italiani acquisiti,25-49 anni,nessun titolo di studio,1110
2023,italiani acquisiti,25-49 anni,titolo universitario o accademico,4454
2023,italiani acquisiti,25-49 anni,totale,28061
2023,italiani acquisiti,50-64 anni,diploma di istruzione secondaria di II grado o di qualifica professionale (corso di 3-4 anni) compresi IFTS,5853
2023,italiani acquisiti,50-64 anni,licenza di scuola elementare,1321
2023,italiani acquisiti,50-64 anni,licenza di scuola media inferiore o di avviamento professionale,5751
2023,italiani acquisiti,50-64 anni,nessun titolo di studio,1345
2023,italiani acquisiti,50-64 anni,titolo universitario o accademico,2175
2023,italiani acquisiti,50-64 anni,totale,16445
2023,italiani acquisiti,65 anni e più,diploma di istruzione secondaria di II grado o di qualifica professionale (corso di 3-4 anni) compresi IFTS,1391
2023,italiani acquisiti,65 anni e più,licenza di scuola elementare,574
2023,italiani acquisiti,65 anni e più,licenza di scuola media inferiore o di avviamento professionale,1240
2023,italiani acquisiti,65 anni e più,nessun titolo di studio,395
2023,italiani acquisiti,65 anni e più,titolo universitario o accademico,593
2023,italiani acquisiti,65 anni e più,totale,4193
2023,italiani acquisiti,9 anni e più,diploma di istruzione secondaria di II grado o di qualifica professionale (corso di 3-4 anni) compresi IFTS,24653
2023,italiani acquisiti,9 anni e più,licenza di scuola elementare,8792
2023,italiani acquisiti,9 anni e più,licenza di scuola media inferiore o di avviamento professionale,26139
2023,italiani acquisiti,9 anni e più,nessun titolo di studio,5714
2023,italiani acquisiti,9 anni e più,titolo universitario o accademico,7808
2023,italiani acquisiti,9 anni e più,totale,73106
2023,italiani acquisiti,9-24 anni,diploma di istruzione secondaria di II grado o di qualifica professionale (corso di 3-4 anni) compresi IFTS,5617
2023,italiani acquisiti,9-24 anni,licenza di scuola elementare,5692
2023,italiani acquisiti,9-24 anni,licenza di scuola media inferiore o di avviamento professionale,9648
2023,italiani acquisiti,9-24 anni,nessun titolo di studio,2864
2023,italiani acquisiti,9-24 anni,titolo universitario o accademico,586
2023,italiani acquisiti,9-24 anni,totale,24407
2023,italiani dalla nascita,25-49 anni,diploma di istruzione secondaria di II grado o di qualifica professionale (corso di 3-4 anni) compresi IFTS,143793
2023,italiani dalla nascita,25-49 anni,licenza di scuola elementare,1326
2023,italiani dalla nascita,25-49 anni,licenza di scuola media inferiore o di avviamento professionale,57653
2023,italiani dalla nascita,25-49 anni,nessun titolo di studio,446
2023,italiani dalla nascita,25-49 anni,titolo universitario o accademico,78988
2023,italiani dalla nascita,25-49 anni,totale,282206
2023,italiani dalla nascita,50-64 anni,diploma di istruzione secondaria di II grado o di qualifica professionale (corso di 3-4 anni) compresi IFTS,100488
2023,italiani dalla nascita,50-64 anni,licenza di scuola elementare,7562
2023,italiani dalla nascita,50-64 anni,licenza di scuola media inferiore o di avviamento professionale,112975
2023,italiani dalla nascita,50-64 anni,nessun titolo di studio,1046
2023,italiani dalla nascita,50-64 anni,titolo universitario o accademico,31066
2023,italiani dalla nascita,50-64 anni,totale,253137
2023,italiani dalla nascita,65 anni e più,diploma di istruzione secondaria di II grado o di qualifica professionale (corso di 3-4 anni) compresi IFTS,59567
2023,italiani dalla nascita,65 anni e più,licenza di scuola elementare,117818
2023,italiani dalla nascita,65 anni e più,licenza di scuola media inferiore o di avviamento professionale,74833
2023,italiani dalla nascita,65 anni e più,nessun titolo di studio,4867
2023,italiani dalla nascita,65 anni e più,titolo universitario o accademico,17869
2023,italiani dalla nascita,65 anni e più,totale,274954
2023,italiani dalla nascita,9 anni e più,diploma di istruzione secondaria di II grado o di qualifica professionale (corso di 3-4 anni) compresi IFTS,351250
2023,italiani dalla nascita,9 anni e più,licenza di scuola elementare,154174
2023,italiani dalla nascita,9 anni e più,licenza di scuola media inferiore o di avviamento professionale,300407
2023,italiani dalla nascita,9 anni e più,nessun titolo di studio,22946
2023,italiani dalla nascita,9 anni e più,titolo universitario o accademico,135009
2023,italiani dalla nascita,9 anni e più,totale,963786
2023,italiani dalla nascita,9-24 anni,diploma di istruzione secondaria di II grado o di qualifica professionale (corso di 3-4 anni) compresi IFTS,47402
2023,italiani dalla nascita,9-24 anni,licenza di scuola elementare,27468
2023,italiani dalla nascita,9-24 anni,licenza di scuola media inferiore o di avviamento professionale,54946
2023,italiani dalla nascita,9-24 anni,nessun titolo di studio,16587
2023,italiani dalla nascita,9-24 anni,titolo universitario o accademico,7086
2023,italiani dalla nascita,9-24 anni,totale,153489
2023,stranieri,25-49 anni,diploma di istruzione secondaria di II grado o di qualifica professionale (corso di 3-4 anni) compresi IFTS,27763
2023,stranieri,25-49 anni,licenza di scuola elementare,4523
2023,stranieri,25-49 anni,licenza di scuola media inferiore o di avviamento professionale,25274
2023,stranieri,25-49 anni,nessun titolo di studio,5492
2023,stranieri,25-49 anni,titolo universitario o accademico,11028
2023,stranieri,25-49 anni,totale,74080
2023,stranieri,50-64 anni,diploma di istruzione secondaria di II grado o di qualifica professionale (corso di 3-4 anni) compresi IFTS,9232
2023,stranieri,50-64 anni,licenza di scuola elementare,2190
2023,stranieri,50-64 anni,licenza di scuola media inferiore o di avviamento professionale,8155
2023,stranieri,50-64 anni,nessun titolo di studio,2532
2023,stranieri,50-64 anni,titolo universitario o accademico,3111
2023,stranieri,50-64 anni,totale,25220
2023,stranieri,65 anni e più,diploma di istruzione secondaria di II grado o di qualifica professionale (corso di 3-4 anni) compresi IFTS,2442
2023,stranieri,65 anni e più,licenza di scuola elementare,1312
2023,stranieri,65 anni e più,licenza di scuola media inferiore o di avviamento professionale,2416
2023,stranieri,65 anni e più,nessun titolo di studio,1317
2023,stranieri,65 anni e più,titolo universitario o accademico,1072
2023,stranieri,65 anni e più,totale,8559
2023,stranieri,9 anni e più,diploma di istruzione secondaria di II grado o di qualifica professionale (corso di 3-4 anni) compresi IFTS,44513
2023,stranieri,9 anni e più,licenza di scuola elementare,14730
2023,stranieri,9 anni e più,licenza di scuola media inferiore o di avviamento professionale,46297
2023,stranieri,9 anni e più,nessun titolo di studio,14317
2023,stranieri,9 anni e più,titolo universitario o accademico,15644
2023,stranieri,9 anni e più,totale,135501
2023,stranieri,9-24 anni,diploma di istruzione secondaria di II grado o di qualifica professionale (corso di 3-4 anni) compresi IFTS,5076
2023,stranieri,9-24 anni,licenza di scuola elementare,6705
2023,stranieri,9-24 anni,licenza di scuola media inferiore o di avviamento professionale,10452
2023,stranieri,9-24 anni,nessun titolo di studio,4976
2023,stranieri,9-24 anni,titolo universitario o accademico,433
2023,stranieri,9-24 anni,totale,27642
