codice_istat,comune,area_kmq,centroide_lon,centroide_lat
017001,Acquafredda,9.526,10.40838,45.30645
017002,Adro,14.247,9.96551,45.61971
017003,Agnosine,13.334,10.34974,45.64262
017004,Alfianello,13.847,10.14989,45.26658
017005,Anfo,23.933,10.48167,45.78449
017006,Angolo Terme,30.717,10.13236,45.90680
017007,Artogne,20.938,10.19691,45.83900
017008,Azzano Mella,10.362,10.11310,45.46412
017009,Bagnolo Mella,31.355,10.18349,45.42166
017010,Bagolino,108.836,10.45395,45.85551
017011,Barbariga,11.404,10.04611,45.40688
017012,Barghe,5.456,10.40681,45.68180
017013,Bassano Bresciano,9.416,10.12832,45.32440
017014,Bedizzole,26.328,10.42073,45.50003
017015,Berlingo,4.653,10.03370,45.50609
017016,Berzo Demo,15.363,10.34299,46.10292
017017,Berzo Inferiore,21.966,10.29563,45.89731
017018,Bienno,46.750,10.35359,45.90291
017019,Bione,17.312,10.33799,45.67512
017020,Borgo San Giacomo,29.387,9.97887,45.34597
017021,Borgosatollo,8.332,10.23963,45.47863
017022,Borno,30.280,10.17908,45.95559
017023,Botticino,18.332,10.31399,45.55052
017024,Bovegno,48.039,10.27638,45.81360
017025,Bovezzo,6.435,10.24983,45.60100
017026,Brandico,8.318,10.04329,45.45415
017027,Braone,13.315,10.38642,45.97311
017028,Breno,59.898,10.40356,45.93973
017029,Brescia,90.401,10.22584,45.53246
017030,Brione,6.806,10.15398,45.64398
017031,Caino,17.549,10.32514,45.61721
017032,Calcinato,33.205,10.40284,45.45820
017033,Calvagese della Riviera,11.783,10.45746,45.52870
017034,Calvisano,44.611,10.35020,45.35256
017035,Capo di Ponte,18.137,10.31174,46.04504
017036,Capovalle,23.073,10.53858,45.74535
017037,Capriano del Colle,13.760,10.13758,45.45219
017038,Capriolo,10.578,9.93251,45.63535
017039,Carpenedolo,30.102,10.43520,45.34923
017040,Castegnato,9.227,10.11306,45.55781
017041,Castelcovati,6.324,9.94523,45.49723
017042,Castel Mella,7.586,10.14331,45.50005
017043,Castenedolo,26.107,10.29512,45.46735
017044,Casto,21.312,10.29932,45.68985
017045,Castrezzato,13.712,9.98157,45.50867
017046,Cazzago San Martino,22.203,10.03541,45.57498
017047,Cedegolo,11.105,10.38328,46.06166
017048,Cellatica,6.675,10.17821,45.57831
017049,Cerveno,21.286,10.28536,46.01398
017050,Ceto,31.903,10.41152,45.99384
017051,Cevo,35.415,10.43059,46.06790
017052,Chiari,37.687,9.91786,45.53310
017053,Cigole,10.087,10.18443,45.31225
017054,Cimbergo,24.849,10.40800,46.02276
017055,Cividate Camuno,3.264,10.26596,45.93889
017056,Coccaglio,12.279,9.96793,45.55443
017057,Collebeato,5.472,10.20795,45.58452
017058,Collio,53.503,10.35214,45.82450
017059,Cologne,14.001,9.93148,45.57721
017060,Comezzano-Cizzago,14.997,9.95385,45.46900
017061,Concesio,18.940,10.21475,45.61151
017062,Corte Franca,14.235,10.00204,45.63071
017063,Corteno Golgi,82.927,10.22023,46.13925
017064,Corzano,12.382,10.01755,45.43897
017065,Darfo Boario Terme,35.924,10.19789,45.88711
017066,Dello,23.351,10.09963,45.41644
017067,Desenzano del Garda,59.376,10.56423,45.45362
017068,Edolo,89.318,10.38135,46.18219
017069,Erbusco,15.884,9.96833,45.59407
017070,Esine,30.327,10.25789,45.89076
017071,Fiesse,15.903,10.33385,45.22880
017072,Flero,9.647,10.17195,45.48053
017073,Gambara,31.752,10.30731,45.25783
017074,Gardone Riviera,21.466,10.56684,45.63673
017075,Gardone Val Trompia,26.950,10.17748,45.70284
017076,Gargnano,76.414,10.64208,45.70527
017077,Gavardo,29.678,10.44078,45.59016
017078,Ghedi,60.765,10.27900,45.40001
017079,Gianico,13.279,10.22031,45.85597
017080,Gottolengo,29.305,10.27230,45.30465
017081,Gussago,25.093,10.15119,45.59050
017082,Idro,22.679,10.49737,45.75599
017083,Incudine,19.440,10.36468,46.22842
017084,Irma,4.971,10.29916,45.77460
017085,Iseo,28.307,10.04224,45.66294
017086,Isorella,15.286,10.31595,45.30726
017087,Lavenone,31.644,10.42851,45.76519
017088,Leno,58.707,10.21807,45.36106
017089,Limone sul Garda,23.110,10.79440,45.82031
017090,Lodrino,16.091,10.27076,45.71442
017091,Lograto,12.578,10.06891,45.48760
017092,Lonato del Garda,68.498,10.49983,45.44270
017093,Longhena,3.642,10.06020,45.43496
017094,Losine,6.328,10.30814,45.97970
017095,Lozio,24.003,10.24827,45.99617
017096,Lumezzane,31.445,10.26951,45.64880
017097,Maclodio,4.953,10.04025,45.48080
017098,Magasa,19.307,10.63390,45.78283
017099,Mairano,11.392,10.08329,45.45575
017100,Malegno,7.214,10.27072,45.95994
017101,Malonno,31.384,10.29885,46.12167
017102,Manerba del Garda,36.711,10.58238,45.55266
017103,Manerbio,27.304,10.14649,45.35240
017104,Marcheno,22.327,10.22295,45.70946
017105,Marmentino,17.977,10.28864,45.75161
017106,Marone,23.882,10.09754,45.74633
017107,Mazzano,15.753,10.35420,45.49940
017108,Milzano,8.494,10.19276,45.27492
017109,Moniga del Garda,14.637,10.57460,45.52561
017110,Monno,31.010,10.32223,46.23491
017111,Monte Isola,12.606,10.08006,45.70905
017112,Monticelli Brusati,10.907,10.09762,45.63512
017113,Montichiari,81.565,10.38191,45.41122
017114,Montirone,10.528,10.23270,45.44570
017115,Mura,12.660,10.34132,45.71523
017116,Muscoline,10.038,10.46737,45.55798
017117,Nave,27.045,10.28760,45.58989
017118,Niardo,22.231,10.36538,45.95912
017119,Nuvolento,7.327,10.38753,45.54135
017120,Nuvolera,13.344,10.36598,45.53413
017121,Odolo,6.439,10.38748,45.63915
017122,Offlaga,23.202,10.11114,45.38259
017123,Ome,9.689,10.12423,45.62975
017124,Ono San Pietro,13.965,10.29390,46.03254
017125,Orzinuovi,47.984,9.93649,45.39787
017126,Orzivecchi,9.908,9.96407,45.42156
017127,Ospitaletto,9.484,10.07488,45.55147
017128,Ossimo,14.651,10.23043,45.96576
017129,Padenghe sul Garda,26.891,10.54581,45.50829
017130,Paderno Franciacorta,5.842,10.08391,45.58275
017131,Paisco Loveno,36.001,10.23558,46.07366
017132,Paitone,8.214,10.39685,45.56860
017133,Palazzolo sull'Oglio,23.402,9.89006,45.59229
017134,Paratico,6.100,9.95736,45.65620
017135,Paspardo,11.351,10.38203,46.04296
017136,Passirano,13.319,10.06154,45.59869
017137,Pavone del Mella,11.725,10.21892,45.30272
017138,San Paolo,18.520,10.02845,45.37433
017139,Pertica Alta,21.125,10.34174,45.74196
017140,Pertica Bassa,30.272,10.37755,45.76032
017141,Pezzaze,21.685,10.22384,45.78054
017142,Pian Camuno,10.693,10.16199,45.83026
017143,Pisogne,49.246,10.13770,45.79685
017144,Polaveno,9.129,10.13620,45.66336
017145,Polpenazze del Garda,9.003,10.50043,45.54619
017146,Pompiano,15.254,9.99392,45.41979
017147,Poncarale,12.798,10.18292,45.45816
017148,Ponte di Legno,100.099,10.52419,46.27858
017149,Pontevico,29.109,10.10192,45.28023
017150,Pontoglio,11.072,9.85643,45.56221
017151,Pozzolengo,20.998,10.62269,45.40992
017152,Pralboino,17.304,10.23250,45.26404
017153,Preseglie,11.709,10.38522,45.66853
017155,Prevalle,9.787,10.42044,45.54438
017156,Provaglio d'Iseo,16.191,10.05361,45.63244
017157,Provaglio Val Sabbia,14.950,10.44441,45.68689
017158,Puegnago del Garda,11.085,10.51041,45.57104
017159,Quinzano d'Oglio,21.064,10.00542,45.31206
017160,Remedello,21.543,10.36922,45.27420
017161,Rezzato,18.426,10.31740,45.50790
017162,Roccafranca,19.353,9.91748,45.45502
017163,Rodengo Saiano,12.797,10.11097,45.59319
017164,Roè Volciano,5.689,10.49663,45.61760
017165,Roncadelle,9.286,10.14309,45.53499
017166,Rovato,26.168,10.01047,45.54535
017167,Rudiano,9.993,9.89334,45.48817
017168,Sabbio Chiese,18.345,10.43180,45.64395
017169,Sale Marasino,16.527,10.12805,45.71088
017170,Salò,27.467,10.54081,45.60804
017171,San Felice del Benaco,20.270,10.58047,45.58651
017172,San Gervasio Bresciano,10.593,10.15283,45.30020
017173,San Zeno Naviglio,6.504,10.21501,45.48663
017174,Sarezzo,17.988,10.20249,45.66488
017175,Saviore dell'Adamello,84.166,10.48647,46.11570
017176,Sellero,14.423,10.32636,46.06539
017177,Seniga,12.933,10.18886,45.24606
017178,Serle,18.254,10.35857,45.57854
017179,Sirmione,26.327,10.61606,45.47848
017180,Soiano del Lago,5.856,10.50656,45.53145
017181,Sonico,60.867,10.40690,46.14205
017182,Sulzano,10.540,10.10916,45.68081
017183,Tavernole sul Mella,19.935,10.21286,45.75069
017184,Temù,43.402,10.48120,46.25299
017185,Tignale,45.696,10.70367,45.74646
017186,Torbole Casaglia,13.554,10.11321,45.50664
017187,Toscolano-Maderno,58.159,10.60857,45.65691
017188,Travagliato,17.527,10.07792,45.52209
017189,Tremosine sul Garda,72.401,10.72572,45.79816
017190,Trenzano,19.962,10.00317,45.47829
017191,Treviso Bresciano,17.970,10.46906,45.71272
017192,Urago d'Oglio,10.580,9.87242,45.51923
017193,Vallio Terme,14.994,10.38819,45.61162
017194,Valvestino,31.287,10.59211,45.76194
017195,Verolanuova,25.966,10.07888,45.33760
017196,Verolavecchia,21.368,10.04807,45.31469
017197,Vestone,13.039,10.40086,45.70951
017198,Vezza d'Oglio,54.123,10.39632,46.26763
017199,Villa Carcina,14.112,10.19123,45.63614
017200,Villachiara,17.318,9.91770,45.35436
017201,Villanuova sul Clisi,9.015,10.46388,45.61054
017202,Vione,35.279,10.44076,46.26100
017203,Visano,11.394,10.36656,45.31251
017204,Vobarno,53.286,10.50124,45.67120
017205,Zone,19.769,10.13162,45.75875
017206,Piancogno,14.240,10.19683,45.93072
